DealerPosition, SmallBlind, BigBlind, Money1, Money2, Cards
0, 5, 10, 500, 500, 8c,Qd,Qs,Th,5h,8s,8h,6c,Ts,3c,As,4h,3h,2s,Tc,Jh,7h,7s,7c,Kh,Jc,7d,2h,6d,3d,Ah,9h,4c,Kd,Qh,Jd,2d,4d,Td,9s,6h,8d,5s,3s,9c,4s,9d,Qc,2c,5d,Ac,Ks,5c,6s,Kc,Js,Ad
0, 5, 10, 500, 500, 6h,2c,Qd,Kd,3h,6d,9c,7d,9d,2d,5h,Jh,3c,8h,Kh,5d,Tc,Th,Jd,2s,Js,6s,5c,Ks,As,Jc,4d,Ac,2h,5s,7h,9h,4h,4s,Kc,8d,3d,6c,8c,Ts,4c,7c,9s,7s,Td,Qc,Qh,Ad,Ah,3s,Qs,8s
0, 5, 10, 500, 500, 4c,Kd,Ac,2s,Ks,Qc,5s,Th,4h,Qh,Jc,4d,Qd,7h,Tc,3d,3h,Jd,Qs,6s,Jh,9c,4s,7s,Ad,6d,5d,Kh,3c,9s,Ts,7d,7c,8c,6c,Kc,9h,8d,6h,Js,Ah,2c,8h,As,Td,5c,8s,2h,2d,5h,3s,9d
0, 5, 10, 500, 500, 6h,Kh,9h,Ac,6c,2c,Tc,8c,8d,Kc,8s,Jc,3d,3s,5c,2d,9c,7d,Jh,5h,7s,7c,Jd,4d,As,4h,Ad,7h,Td,Ts,Ks,Qd,Qh,8h,Th,6s,Qs,9d,3h,2s,5s,Ah,4c,2h,6d,5d,Kd,4s,3c,9s,Js,Qc
0, 5, 10, 500, 500, 4s,7s,5c,Th,5d,Ts,Kh,4c,5s,9c,7d,6s,9s,Ks,Td,Jd,8c,8h,As,Ad,3d,4d,Qc,2c,3s,6c,Kc,6d,7c,9h,Qs,Jc,9d,4h,Js,Ac,3c,6h,Jh,2h,3h,Qd,Qh,5h,2s,Tc,2d,8d,7h,Kd,8s,Ah
0, 5, 10, 500, 500, 3h,8s,Kh,4d,3d,2c,As,Qh,7c,Th,4h,7h,3s,Js,7d,5c,6h,Ac,8c,5s,Jc,Qd,9d,9c,5h,3c,Jd,4s,Ks,2d,Qs,6s,9s,8h,2s,Ts,Kc,Jh,2h,5d,4c,8d,Qc,Tc,Kd,6d,6c,Ad,9h,Ah,7s,Td
0, 5, 10, 500, 500, 2h,8s,Jd,4s,Qs,8c,8h,Kc,6h,4h,Ac,2c,Jh,Qd,Td,3h,7h,Js,5h,3d,Tc,9c,Ad,Ah,5d,6s,Qh,5s,2s,As,Jc,9h,Ts,5c,3c,8d,9d,2d,Kh,Th,6c,6d,3s,7d,Kd,Ks,4d,Qc,4c,7s,9s,7c
0, 5, 10, 500, 500, Kd,Jc,8h,Ac,5c,6c,4h,Kh,9s,3h,6h,7c,6s,2s,4d,2h,2d,5s,Qd,As,Th,5h,6d,7d,5d,7h,Ks,Td,8s,Qs,Jd,Js,4s,3d,2c,9h,8d,7s,Ad,Kc,9d,Qc,Jh,9c,Ts,4c,3c,Ah,Qh,8c,Tc,3s
0, 5, 10, 500, 500, Jd,5s,Qs,Td,7c,4d,Ac,6c,8h,Qd,Ah,3d,4c,9d,Tc,9s,8s,Js,7h,Kh,4h,9c,Qh,5h,9h,4s,2d,7d,2c,6d,6h,7s,Ad,3s,Jc,Kc,Qc,8c,2h,As,Kd,3c,5d,6s,2s,Jh,3h,Ts,Ks,Th,5c,8d
0, 5, 10, 500, 500, 4s,6h,3c,7d,Kh,6s,2s,8h,2d,Tc,5h,As,4c,Qs,Kd,Kc,Js,9h,Ah,3s,Jh,7c,Jc,9s,7h,5s,3d,Td,8c,4h,2h,Jd,5d,7s,4d,6d,Ad,9c,Ac,Ks,3h,2c,Qh,8d,6c,Ts,5c,Qc,Th,8s,Qd,9d
0, 5, 10, 500, 500, Th,6s,9d,7c,As,Kc,Td,6c,5h,7d,Qd,4c,Ks,2c,8c,8s,6d,Ah,Jc,9s,4s,7h,2s,Ts,5s,Kh,Ad,5c,9c,3s,3d,2d,Qh,Tc,7s,Jd,3h,4h,8d,Qs,Ac,Js,3c,Qc,2h,Kd,9h,Jh,6h,4d,5d,8h
0, 5, 10, 500, 500, Ad,9d,Tc,9h,Ks,6h,9s,6c,Kc,Jc,3c,Ts,7c,5h,Th,8s,4h,2s,9c,5c,Kd,Js,As,Ah,Ac,Jh,3s,2d,8h,2h,6d,7s,Qh,8d,4c,7h,7d,5d,3d,Qd,Kh,8c,Jd,Td,6s,4d,4s,Qs,5s,Qc,2c,3h
0, 5, 10, 500, 500, 6h,Ac,3c,9h,5d,5s,2c,Kd,2s,8d,3d,Ad,6d,Ah,7d,6s,9c,5c,3h,5h,Td,Jc,8h,4c,Kc,Ks,8c,Jd,Tc,2h,4d,8s,4s,2d,Qs,9s,7s,7c,Qc,7h,Qd,Ts,Js,Kh,9d,3s,Qh,6c,Th,As,4h,Jh
0, 5, 10, 500, 500, Ad,9c,4c,5h,Jd,Kc,3h,Ts,5d,Td,2s,Ah,8s,5c,3c,Kh,7c,Tc,9s,5s,4h,Qs,As,Qc,7d,3d,4d,8d,7h,Qd,Ac,9d,6h,Th,2d,9h,Jh,Qh,2c,6d,8h,3s,6c,8c,Js,4s,6s,2h,Kd,7s,Ks,Jc
0, 5, 10, 500, 500, 6s,7c,As,7d,9d,Ks,3s,Td,6d,8d,2c,Js,3h,Jc,2h,3c,Jd,Kh,Qh,Ac,6h,Qd,4d,3d,Kc,Ts,9s,Th,7h,8h,9c,9h,Ad,2d,5c,4c,5d,5h,Tc,Ah,6c,2s,Qs,8s,8c,Qc,Jh,Kd,4h,4s,7s,5s
0, 5, 10, 500, 500, 3s,6s,8d,Tc,6c,Ks,9h,2s,4d,Qd,9s,5c,As,Ts,2d,Ah,Kd,Jd,Th,8c,6h,3d,2c,Qh,Jh,3c,9c,Jc,Ac,Td,4c,Kh,Ad,5d,5h,Js,Kc,8h,5s,7c,Qs,9d,4h,4s,6d,2h,Qc,7h,3h,7s,7d,8s
0, 5, 10, 500, 500, 8s,6c,Qd,4d,8h,3h,Ah,Ad,9h,3c,9c,6s,Tc,8c,Jd,Js,4h,7c,6h,Kd,4c,Kh,Ac,6d,5s,Qh,7d,As,Jc,7h,5c,2h,Ts,7s,4s,Qs,2s,9s,Th,Jh,2d,8d,Td,Ks,5h,9d,3s,5d,Kc,Qc,2c,3d
0, 5, 10, 500, 500, 8h,3s,4h,2d,Kh,2h,Tc,9h,7c,4c,6c,3d,6h,9c,9s,9d,5h,Jc,3c,Ad,4d,4s,2s,3h,Jh,Ks,Qc,Th,8d,Td,2c,Ah,Kc,7h,8s,Qs,Js,5d,8c,Qh,Jd,Kd,7s,6d,Ts,As,Ac,5c,7d,6s,Qd,5s
0, 5, 10, 500, 500, 3c,9s,4c,Ad,7c,Jh,8s,4d,Td,7s,Th,Qd,4s,5d,8d,Js,As,Ac,6d,2s,6h,Ks,8c,3s,Jd,3d,9d,4h,2d,Ts,Qh,9c,6c,Jc,Qc,2c,9h,7d,Ah,8h,6s,5c,Kh,Tc,3h,5s,2h,5h,Kc,Kd,7h,Qs
0, 5, 10, 500, 500, Qh,Tc,Qd,9h,8c,3s,2s,4s,6d,Ac,Kh,Kc,Ah,5d,3c,7c,7s,9s,5h,Jc,7h,Td,3h,Jd,6h,4h,2c,9c,6s,Ad,Qs,8h,4c,Qc,8s,Ts,5s,As,Th,9d,Kd,8d,7d,4d,2h,Js,Jh,3d,6c,2d,Ks,5c
0, 5, 10, 500, 500, 9h,8s,Jh,7c,Ts,Jd,Ad,2h,3c,6d,Js,6c,Jc,Ks,3d,3h,2d,4s,Ah,8c,Tc,Ac,9c,Th,Qc,7s,4d,5c,Td,5s,Qd,2c,9d,As,7d,Qs,Kd,3s,Qh,6s,9s,8h,4h,2s,6h,Kc,4c,Kh,5d,5h,7h,8d
0, 5, 10, 500, 500, 7d,9h,Ad,Ac,9s,Jc,Th,2d,6s,2c,3c,3h,Kd,Jd,5s,4s,6c,8h,6h,4h,Ah,Ks,5d,Tc,As,7s,Td,Kh,Jh,4d,9c,3s,9d,Qs,8s,4c,5c,2h,5h,8c,6d,7h,2s,Ts,Qc,3d,Qh,Js,Qd,Kc,7c,8d
0, 5, 10, 500, 500, 9h,Qc,5h,9s,7c,4h,2c,8c,5s,4s,Ac,Qh,As,Qd,5d,6d,Ks,3h,3d,Js,Kc,7d,9c,4d,6h,Td,Ad,Ts,2d,8s,Qs,4c,2s,3c,8h,6s,Kh,Ah,Tc,5c,Kd,Jd,8d,9d,Th,7s,7h,Jh,2h,6c,Jc,3s
0, 5, 10, 500, 500, 7h,Js,6d,Jh,Th,3d,Td,4s,8s,4d,7d,5d,5h,4h,Jc,Qh,4c,7s,Qs,2s,3c,Qd,3h,5s,Kc,2d,9d,7c,Kd,8c,2c,6h,2h,9s,Ks,Qc,Kh,3s,Ad,Jd,6s,Ts,As,8d,Ac,9c,Ah,Tc,6c,5c,9h,8h
0, 5, 10, 500, 500, 7c,6d,5c,9s,6s,7s,Qs,8s,Td,8d,7h,4d,Qh,5d,6h,Jd,Kh,5s,2d,8c,3h,2c,Js,9d,3s,6c,4s,Ks,Ac,4c,8h,4h,As,2s,Qd,5h,Th,Ah,3c,3d,9h,Tc,Kd,7d,Kc,Jc,9c,2h,Qc,Jh,Ad,Ts
0, 5, 10, 500, 500, 3d,Tc,9s,6h,2d,5c,Qc,Qd,As,6c,5h,2s,Td,Ac,8c,5d,3s,7c,Ah,4s,Kh,2c,6s,Ad,Ks,Jc,3h,8h,Kc,Kd,Qh,7h,6d,Jd,8s,Ts,8d,Js,7s,9d,2h,5s,Jh,9c,9h,4h,4d,Th,7d,3c,4c,Qs
0, 5, 10, 500, 500, 9d,Qc,As,5c,8h,Qd,7h,8c,Tc,3s,Qs,6d,Ad,3h,Jh,4c,Jd,4d,3d,Td,Qh,Jc,5s,9s,2s,9c,4h,7s,Kh,Js,8d,3c,2d,2h,4s,6c,Ks,Ts,8s,Th,9h,7c,Ah,5h,6h,5d,Kd,7d,Ac,6s,2c,Kc
0, 5, 10, 500, 500, 9c,4s,Jh,6c,7c,4h,Ac,2c,4d,6d,9h,3s,Kh,3d,Tc,2s,6h,8c,7d,Ks,Js,9d,5c,Jd,Kd,4c,5h,7s,Qh,2d,Ah,Ad,8h,Ts,As,5d,Qd,6s,9s,Th,8s,Jc,Kc,3h,8d,2h,3c,7h,Td,Qc,5s,Qs
0, 5, 10, 500, 500, Th,4h,9c,7s,2s,Kd,9s,Jh,Qh,6s,Ks,Qd,5d,5h,3d,Ad,2c,Ah,Ts,Td,9d,6c,4d,Qc,Kc,8h,2d,Kh,3s,5s,8d,Qs,6d,7c,8s,9h,As,6h,4s,Jc,7d,3h,Ac,5c,Jd,Js,7h,8c,3c,2h,Tc,4c
0, 5, 10, 500, 500, 4h,Jd,5s,Qs,Kd,Jh,9h,5h,Qd,4s,6s,Kh,As,2s,9d,Td,Ts,7c,3d,Kc,Ad,Ks,4d,Qc,Qh,7s,3c,Js,5d,Tc,7d,Th,Jc,3h,9s,4c,8s,6h,2c,3s,Ac,7h,Ah,6d,8d,6c,2h,9c,8h,8c,2d,5c
0, 5, 10, 500, 500, 9s,Th,Qd,Td,2s,6h,2c,7c,4s,Ad,Kd,Jc,6c,5s,6s,Jh,6d,2h,4d,Ts,9c,9d,Qs,7d,5d,8h,5h,Ac,8d,Jd,3d,Ah,8s,3s,4c,Qh,Kh,5c,7s,Qc,As,2d,7h,4h,Ks,Kc,3c,9h,8c,Js,Tc,3h
0, 5, 10, 500, 500, Td,2h,Jc,6h,9d,3h,3s,5h,9s,Th,Kd,9c,Jh,Ks,Jd,5c,Qd,Ah,5d,Qs,7d,Qc,8d,8c,4h,As,3d,8s,Ts,7h,6s,4c,6c,4d,Kc,2d,Ac,Qh,3c,8h,2c,6d,7s,9h,Js,5s,2s,Tc,7c,Kh,4s,Ad
0, 5, 10, 500, 500, 2h,Qh,3s,7s,Ad,Ts,5s,9s,Th,Qs,3c,5c,9d,5h,4d,Kc,6s,Jd,9h,Ks,4h,8s,8c,8d,7d,Jc,Ac,7h,Jh,3d,Qd,8h,6d,2d,9c,4c,7c,2s,Tc,Qc,Js,5d,Ah,Kh,6c,Td,Kd,As,2c,4s,3h,6h
0, 5, 10, 500, 500, 9h,8d,7h,4s,Jd,5c,Ts,6d,Qd,3c,8h,5h,3h,Ad,Ah,7s,4h,Jc,Qs,3d,2c,Tc,5d,4c,Qh,Jh,2h,As,2d,Qc,5s,Kh,8c,8s,6c,Td,6s,7c,7d,Ks,6h,Js,Th,9d,4d,9s,Kc,9c,Ac,Kd,2s,3s
0, 5, 10, 500, 500, 4s,Tc,Jh,Qd,3s,3c,4h,9d,5c,7d,3d,Jc,4c,9h,5s,7c,Td,Qh,Th,Ah,6c,2s,7h,3h,8c,6h,9c,Ks,4d,6d,2c,Qs,Kd,7s,Kc,Ts,5h,2d,Js,8d,As,8h,Jd,8s,Ad,6s,5d,Qc,Kh,Ac,9s,2h
0, 5, 10, 500, 500, Ks,2c,Tc,Td,3c,7d,2d,6c,5s,4s,7s,2s,6h,Ac,Kd,Qc,Jc,9c,Kh,Qs,Jh,Jd,8h,4d,8c,7c,2h,5c,5h,6d,5d,Ah,9h,Js,4h,Ad,3s,3h,9d,4c,Ts,7h,6s,Qh,3d,9s,8d,As,8s,Kc,Qd,Th
0, 5, 10, 500, 500, 9c,2s,Ks,5s,2d,Tc,4d,5d,6c,Qs,6d,Kd,7d,Td,9h,6h,Qd,8d,5h,2h,8h,9d,Jc,3s,9s,3c,Ah,3h,Jd,Qh,8c,7c,8s,Th,7s,Kc,3d,Kh,4s,Ad,Ts,4h,Ac,7h,4c,Qc,6s,Js,2c,As,Jh,5c
0, 5, 10, 500, 500, 4d,Jh,8c,Kd,Th,2h,Ah,Ts,Qh,7h,6h,Kh,Td,Ks,8s,5c,9d,3c,Jd,9s,Ad,3s,5h,4c,3h,Js,4s,7s,Jc,Qd,8d,3d,5s,9c,Qs,6d,4h,7d,6c,5d,2c,6s,7c,Tc,Ac,8h,2s,Qc,2d,9h,As,Kc
0, 5, 10, 500, 500, 6h,Th,6d,7c,Ah,Js,7h,3h,3s,Jh,3d,4c,Jd,Ad,As,9c,Kd,Kc,Jc,Qh,8d,2h,4d,Qs,Ts,5c,Tc,8s,Kh,9d,2c,5d,5h,8h,6s,2s,2d,Ks,Ac,7s,Td,5s,9s,6c,7d,4h,3c,9h,4s,Qd,8c,Qc
0, 5, 10, 500, 500, 5c,7h,4d,9c,8d,7c,3d,Jd,Jc,8s,Ad,2d,Tc,Ah,6c,3c,8h,As,Qs,2h,6s,3h,Th,8c,3s,Ts,5d,Td,2s,Qh,Qc,4c,7s,9d,2c,Ks,4s,5h,6d,Js,9s,6h,4h,Qd,Kc,Ac,7d,Kd,Kh,9h,Jh,5s
0, 5, 10, 500, 500, 9d,8s,Th,8h,2d,9h,6h,Qc,Ah,2c,3d,3c,Ts,Jc,5c,Js,3s,Qd,4d,4s,5h,6c,9s,Kh,8d,Ks,Ac,4c,6s,2h,Td,5s,7s,Qh,Qs,3h,Kc,6d,Jd,4h,7d,9c,Tc,2s,As,8c,Ad,Kd,5d,Jh,7h,7c
0, 5, 10, 500, 500, 2s,6c,Qd,4c,5h,4d,Th,Ah,6h,5c,Ts,Js,9d,7c,5s,Jd,8h,3s,3c,6s,As,Tc,3h,Kc,Ks,Kd,8c,2h,8s,Qs,9s,2d,Qc,3d,Ac,4h,Qh,6d,9c,5d,Ad,Jh,7d,8d,Kh,7s,9h,Td,Jc,4s,7h,2c
0, 5, 10, 500, 500, 4s,3s,Th,Ks,3d,9d,5c,5s,Kh,8c,2h,8s,2d,3c,4h,Qd,4d,Tc,Jd,Kd,Ad,2c,6s,7s,9s,9h,3h,7c,Kc,5h,Qs,8h,8d,5d,Jc,As,Jh,Ah,Ac,7d,Js,7h,Td,Ts,9c,2s,4c,Qh,6h,6d,Qc,6c
0, 5, 10, 500, 500, Ac,Qd,Js,5c,4h,2h,7d,2d,6s,Jd,Td,8c,8d,Ah,Kd,3d,Ks,Jc,Jh,5h,5s,7c,6c,Qc,9c,As,Kc,Qs,7s,7h,3c,Ts,9d,9h,2s,4s,Th,2c,3s,6d,Tc,Qh,Ad,4d,Kh,4c,6h,3h,8h,9s,5d,8s
0, 5, 10, 500, 500, 5s,Jc,9c,Kh,Qc,7d,Jd,Qd,4h,6s,Kc,5d,6c,2s,8h,6d,Jh,2c,Js,Td,7c,5h,9d,6h,3s,Qh,Ks,8s,7s,8c,Ah,7h,4s,Tc,9s,4d,5c,Kd,As,Qs,9h,3h,2d,3d,Ts,4c,Ad,Ac,Th,3c,2h,8d
0, 5, 10, 500, 500, Qc,Ah,Kh,Qd,3h,6c,9s,Ad,6h,Tc,Jh,Ts,3c,Kc,Td,5d,Kd,4s,9h,6s,Th,Jd,5c,4h,5s,2s,8d,Js,7h,6d,Jc,2d,3s,4c,8h,3d,7c,Qs,7d,As,2c,2h,Qh,5h,9c,7s,Ac,8c,8s,9d,Ks,4d
0, 5, 10, 500, 500, 7s,3s,Ac,As,Tc,Jh,6c,9c,2c,7h,Td,5d,5c,9d,Kd,5h,2s,3d,6s,Ks,7d,5s,4d,7c,2h,Kh,2d,9s,Jd,8d,8c,3h,Ad,Kc,9h,4h,8s,Js,4s,Qc,3c,Ts,6h,4c,Ah,Qd,6d,8h,Th,Jc,Qh,Qs
0, 5, 10, 500, 500, Qs,As,4c,Ks,8h,5s,6h,8c,7c,8d,Td,Kd,9s,2d,Kc,Js,Qh,Ad,3s,9h,Ac,4d,Jh,3h,4h,5d,Kh,7h,9c,Th,2c,3c,2h,3d,Jd,Jc,7s,Qc,4s,8s,9d,6c,6s,5h,2s,5c,6d,7d,Qd,Ts,Tc,Ah
0, 5, 10, 500, 500, 8h,Js,5s,3d,Kh,9c,Qs,6s,9s,4h,7d,2d,5c,Qd,Jh,4d,Qh,6h,Th,Td,8d,Ks,Jd,Ah,5d,7h,Kd,8s,3c,3s,As,2h,6c,7c,6d,5h,4s,Ts,Qc,9d,Ac,Kc,2c,Jc,7s,9h,8c,Ad,Tc,4c,3h,2s
0, 5, 10, 500, 500, Ah,Ac,2h,6c,2c,3d,8h,5d,Jc,8d,Tc,Kd,7c,7s,3c,Jh,2d,9d,Kc,Qs,Ts,5c,Js,Th,8c,4h,Qc,6s,8s,6d,4d,2s,As,Ks,5h,3h,4c,9c,Qh,4s,9h,Qd,3s,9s,7d,5s,Kh,Td,7h,Ad,6h,Jd
0, 5, 10, 500, 500, 2h,9c,8s,6h,Qs,8h,Ts,Th,9d,2s,9s,Qd,2c,4s,6d,Kh,7s,Tc,3h,5d,4h,Kd,2d,Kc,Qc,As,5h,8c,Ah,Js,5c,Jd,8d,4c,9h,3d,3c,7h,6s,Qh,7c,Ad,Jh,Td,5s,Jc,6c,Ks,3s,7d,Ac,4d
0, 5, 10, 500, 500, 6c,Ad,Ks,6d,4c,Td,3c,5c,Th,8d,Qs,2s,Jc,8c,3d,Kc,7h,Ts,9c,4h,9d,Qh,3s,Tc,6s,Ah,5s,Ac,As,7c,9s,5d,6h,2c,Kh,Jd,Js,Qc,4d,8h,4s,2h,2d,7s,3h,Kd,7d,Qd,Jh,8s,9h,5h
0, 5, 10, 500, 500, 4d,Ts,Kd,7d,6s,5h,Kc,6h,7h,5c,As,3d,4c,Jh,2h,Ad,Jd,8h,4h,Jc,Qd,Td,Ah,Ks,7s,Kh,Qc,Ac,Js,2s,8d,6c,Th,2c,9h,4s,3s,Qs,Qh,8s,3h,5d,7c,8c,9c,5s,9d,9s,Tc,2d,6d,3c
0, 5, 10, 500, 500, Tc,5c,3s,3c,Qc,Td,Qd,7c,9h,7h,4d,2c,4s,Jh,2h,3h,Kd,2s,Qs,8c,6c,8h,Ks,3d,Qh,As,9s,8d,6s,4h,6h,9c,Ac,4c,Jc,2d,8s,Ad,7d,Js,5d,Jd,Th,6d,9d,5h,5s,Kc,Kh,Ah,7s,Ts
0, 5, 10, 500, 500, 9h,Ks,Js,2s,5d,6d,Th,Qs,5c,Jd,Ad,7s,8c,Kc,3c,5h,Qd,9c,4h,Kd,2d,4s,Td,9d,2c,9s,4d,7c,Jh,6c,6s,3h,7d,3s,4c,8h,Tc,5s,Kh,6h,Jc,Ts,Ah,8s,As,8d,Ac,Qh,7h,2h,3d,Qc
0, 5, 10, 500, 500, 3s,8h,6h,Kd,Kh,6d,Td,2d,Js,7s,4h,Ks,Ts,Jh,Qs,2h,5s,3c,5d,9s,9d,3d,7d,4d,Tc,Th,5c,2s,Kc,6c,As,9c,Qc,6s,8s,Jd,Ac,4c,9h,8d,3h,7c,Ah,5h,2c,Qd,8c,Qh,7h,4s,Jc,Ad
0, 5, 10, 500, 500, 5d,2h,7h,4c,Js,5s,Td,Qh,Kh,Kc,9c,Ad,3c,8d,9d,Qs,Qc,5h,4h,8c,As,6h,2c,Jc,9s,4d,6d,4s,Ts,8s,Jd,8h,7c,Th,6c,6s,9h,2d,Jh,Kd,7s,3h,Qd,2s,Ac,Ks,5c,3s,Ah,7d,3d,Tc
0, 5, 10, 500, 500, 3d,Qh,9d,8c,7s,3c,5d,Ks,Kh,Qc,Ts,Jc,4d,Ah,Kc,4c,2d,5h,Ac,2c,7h,4s,6d,Kd,5s,Th,Jd,Ad,6s,7c,Qd,8d,6c,3h,5c,3s,Tc,4h,9c,As,Qs,8s,2h,6h,Td,Js,Jh,9s,7d,8h,9h,2s
0, 5, 10, 500, 500, 4s,Tc,Kc,9c,3s,5h,6c,Jd,Qd,Jh,2c,Qc,7d,8c,Ac,4d,7c,2h,Ks,7s,4c,5c,Kd,2s,8d,6s,6h,Js,3h,3c,Jc,6d,Ad,9d,4h,Td,8h,Qh,3d,As,5d,2d,Th,8s,Kh,9s,Ts,7h,Qs,5s,Ah,9h
0, 5, 10, 500, 500, 3h,Jc,9c,Ks,2c,4c,4s,2s,4d,Ad,As,3s,8h,8d,9h,Ac,6d,5h,3d,8c,7h,7c,Js,Jh,4h,8s,3c,Qs,Qc,2h,6h,Th,9d,Kh,7s,5d,Qh,5c,Ah,Td,2d,Jd,7d,Kd,6c,5s,6s,Qd,9s,Tc,Ts,Kc
0, 5, 10, 500, 500, 9c,As,3d,5c,9s,5d,Th,8h,6d,2d,Kh,Js,5s,4c,Ts,Qh,Td,Jh,3c,9h,2h,5h,7s,9d,8d,Ac,Qs,Kc,2c,Ad,4h,7h,6h,7d,Jc,Jd,Ks,Qd,Kd,6s,Qc,3h,4s,Ah,6c,8s,8c,3s,2s,4d,7c,Tc
0, 5, 10, 500, 500, 7s,3h,2s,Js,Kd,6s,Ks,Ts,6h,Kc,8d,3d,2c,Ah,5h,Qc,As,3s,9d,9h,7h,Jd,4c,5d,9s,Qs,Qd,5s,4h,9c,6c,7c,Jh,Qh,7d,6d,8h,Jc,4d,8s,8c,Tc,Ad,4s,Td,2h,Ac,5c,Th,3c,2d,Kh
0, 5, 10, 500, 500, 2c,Td,2d,7h,Kc,Ac,3s,4s,3c,Js,4h,Qc,6c,Th,Kh,9s,Ts,3h,Jh,5s,Ks,7s,7d,8d,4d,8c,5h,Qh,6s,Tc,9d,Jc,Qs,Ad,5d,Kd,2h,2s,6d,6h,Qd,5c,Ah,4c,8s,7c,9h,8h,3d,Jd,As,9c
0, 5, 10, 500, 500, Js,3c,7d,3h,3s,5h,As,7s,3d,Ts,2s,Qs,Th,6h,Qh,4h,4d,5s,6d,4s,4c,Qc,9s,Ks,2c,Ah,5c,8d,5d,Kc,Qd,Tc,Kd,9c,7c,8h,9d,Jc,8c,Jd,Td,7h,6c,6s,8s,2h,Ac,Ad,9h,Kh,2d,Jh
0, 5, 10, 500, 500, 8c,Qc,4h,9d,Js,8s,Ts,3c,4d,9s,6h,6s,3h,Jh,4c,6c,Qd,9c,8h,7s,Tc,5c,Ad,Ah,Kh,Th,Kd,2s,6d,Ac,Ks,Kc,5d,9h,2h,4s,As,3d,7c,5h,Jd,7d,7h,Td,Qs,2c,5s,8d,Qh,3s,Jc,2d
0, 5, 10, 500, 500, Jc,Ac,2d,7c,Qd,Kc,6h,4h,5d,Th,3c,Qh,5s,9d,3s,Ks,8c,6d,8s,Jd,7d,5h,Qc,2c,Ts,7h,Td,Ad,Qs,Jh,Ah,3h,As,9s,Kh,Js,8d,9h,6c,4d,6s,2s,4s,2h,3d,9c,Tc,5c,4c,7s,Kd,8h
0, 5, 10, 500, 500, 6d,9c,4h,Qd,Qs,4s,9s,5h,Jd,3c,Ac,Kh,2c,6s,7c,6h,5s,As,8d,6c,7d,7s,Tc,3s,2h,Th,4d,3h,Qh,8c,5d,8h,2s,5c,9h,4c,Kc,Qc,2d,7h,9d,Ks,Ts,3d,Td,Jc,Ah,8s,Kd,Ad,Jh,Js
0, 5, 10, 500, 500, 3h,6d,8h,3c,Ks,As,2c,5c,5h,9h,8s,5s,Qh,7d,5d,9s,7c,Ac,3s,Kh,9c,Ad,Ts,8c,Th,Jh,4s,4h,9d,Tc,7h,8d,6h,Qd,Qs,2d,Kc,6c,Jc,Kd,Js,4c,Ah,Td,4d,Jd,3d,2h,Qc,6s,2s,7s
0, 5, 10, 500, 500, 2h,6d,As,9s,2c,Qs,Kh,6h,Qc,7c,5c,4d,9d,6c,5s,8c,Qh,3d,Td,Th,2d,7d,7s,Ah,Ks,9h,3c,8s,2s,7h,Ac,Kd,3h,Qd,Jh,Jc,Js,4h,6s,4c,8h,Jd,3s,Tc,5d,4s,Kc,Ad,8d,5h,9c,Ts
0, 5, 10, 500, 500, Jh,4c,3d,9s,Ks,7s,Qd,Kd,4h,9d,Ah,9c,6d,5s,8c,3c,5d,7h,Js,7d,4s,Qs,3s,Th,8h,5h,Jd,6c,3h,6s,Qh,2s,As,Td,Jc,Kc,2c,2h,5c,Qc,8s,Kh,Ts,9h,7c,2d,Ad,Tc,Ac,6h,8d,4d
0, 5, 10, 500, 500, 2c,6s,Jh,9c,Js,5h,3c,2h,7d,Tc,2d,4c,5s,Kh,7c,5c,3d,9d,Jd,2s,3s,7s,9s,4d,Qs,Ts,8h,Ah,As,6h,Ac,Kc,Qc,8c,7h,3h,Th,Qh,9h,8d,Kd,Td,6d,5d,8s,Ad,Jc,Qd,6c,4s,Ks,4h
0, 5, 10, 500, 500, 7s,As,9d,8s,Qc,Qh,9h,9c,8c,5h,6h,Tc,4d,Kc,5d,8h,Ad,Th,Td,Kh,Jh,5c,8d,3s,Kd,Ac,Ts,Js,2s,2c,Ah,Qs,Jd,2h,3d,7c,6c,Jc,2d,6s,Ks,7d,4h,5s,3c,4c,Qd,3h,9s,6d,4s,7h
0, 5, 10, 500, 500, Qh,8c,Kc,6d,7c,Ah,Ac,6h,7d,3c,2s,Qd,4d,Kh,5h,Jh,3s,3h,Kd,5s,7h,2c,4s,Ad,Js,5c,4c,Ks,Qc,7s,Jc,4h,9d,Tc,Ts,9s,6c,3d,8h,9h,As,Th,Jd,2h,8s,8d,Qs,9c,5d,Td,6s,2d
0, 5, 10, 500, 500, 3d,3c,8h,9d,Ac,3h,7c,8s,Js,Qd,Ah,5s,4d,4c,2d,3s,Jh,2h,Qc,Kc,4h,Qs,As,6d,7d,Qh,9c,Kh,9s,7h,Ks,8d,Jd,Th,Td,5h,5d,Ad,2s,5c,4s,Ts,6h,8c,6s,9h,Jc,7s,6c,Tc,2c,Kd
0, 5, 10, 500, 500, Tc,Jd,Js,7c,5d,4s,5s,6c,Ts,4c,7s,As,Kc,3s,3d,2c,Qd,6d,Ac,5h,8c,Qh,3h,Th,Ks,Jc,7h,Kh,Ah,8h,6s,Qs,5c,4d,9h,Jh,Qc,8s,6h,9d,4h,2d,Kd,7d,2h,Ad,Td,9c,9s,3c,8d,2s
0, 5, 10, 500, 500, Ah,6d,6s,Jc,Th,Ks,7s,5h,3d,9s,2h,Qc,Tc,8d,Jd,9d,5s,2s,As,2d,Td,Ts,6c,Kh,7d,4s,9c,4c,Kc,4d,2c,5d,8h,Ad,Kd,7c,Qd,Js,3h,Qs,5c,9h,4h,8s,3s,3c,7h,8c,Qh,6h,Jh,Ac
0, 5, 10, 500, 500, Ah,7s,As,Qc,2s,Ad,5s,Kd,2c,Kc,Jh,4s,Js,4d,Qh,5h,2d,Th,6c,8d,9s,Jc,7d,4c,7h,Ts,5d,3h,Jd,6s,Qs,Tc,Ac,3c,5c,Kh,3s,9d,Ks,3d,Qd,8s,2h,6h,8h,4h,7c,8c,Td,9c,9h,6d
0, 5, 10, 500, 500, 8s,4s,2s,As,Qd,6c,4h,Qc,9c,Td,5s,2d,6h,7s,Kh,9d,Ts,Kd,3c,5d,7h,8d,4c,Th,3d,8h,Jd,6s,Tc,4d,5c,6d,7d,8c,Ad,5h,Ac,2h,7c,Kc,9h,Qh,Qs,Ah,Js,Jc,Jh,9s,3s,Ks,2c,3h
0, 5, 10, 500, 500, Ah,Ks,7h,Js,5c,Ac,Ad,As,Qs,2c,5s,5h,Kd,7c,Qd,Kh,6s,9d,5d,9h,3d,Qc,2h,Tc,Jc,6d,4s,Ts,6c,4d,Jd,Kc,8s,3s,2s,8h,6h,7s,9s,8d,3h,8c,7d,Td,4c,9c,2d,Qh,Jh,3c,Th,4h
0, 5, 10, 500, 500, Qs,5c,4c,6h,Js,9s,6s,2h,6c,Jh,7s,Qc,Qd,8s,9d,As,8h,Td,8c,5h,7h,Th,4h,2d,Kc,Kh,4d,9c,Jc,3c,Ks,2s,7d,8d,Ts,Jd,Kd,Ah,3s,Qh,6d,5s,3d,9h,5d,3h,4s,Ad,7c,Tc,2c,Ac
0, 5, 10, 500, 500, 5h,8c,8s,Ac,Ts,Ks,5c,3d,5s,4c,3h,Qd,3s,9d,2h,Th,7d,7h,4d,Ad,8d,As,2c,Tc,2s,6c,Kh,9s,Qs,6s,4s,6h,8h,3c,Qc,9c,Jh,7c,Qh,Td,Jd,9h,Kc,5d,2d,Ah,Jc,4h,7s,Js,6d,Kd
0, 5, 10, 500, 500, 8h,8s,9c,3c,8d,2s,Ad,2c,Jh,Tc,Qs,5d,6h,As,3s,5h,4s,9h,Ac,Kc,4h,4c,6d,Jd,Qh,7c,Kh,7d,2d,Th,5s,Ah,3d,6s,9s,5c,9d,Js,Ts,2h,8c,Qd,Ks,Qc,Td,Kd,7s,Jc,6c,7h,4d,3h
0, 5, 10, 500, 500, 8s,Ac,Ts,Jh,6d,Tc,Kd,Qh,7d,8d,Qc,8c,5d,Kh,Ks,2c,Ad,9d,9s,8h,2d,4c,5s,4s,9c,4h,5c,Jd,Ah,Qs,6h,Qd,4d,As,3h,Jc,3d,6s,7c,6c,3s,7h,2s,Th,Kc,Td,7s,2h,5h,3c,Js,9h
0, 5, 10, 500, 500, 5h,7c,Ah,5s,Kd,As,3s,7d,Jd,8h,Jh,4s,3h,2c,7s,Jc,8c,4h,8s,2d,9h,6s,Ks,6h,Kh,Qc,Td,Qd,9c,6c,4d,Ad,Ac,3c,Qh,4c,5d,Kc,Ts,2h,7h,2s,9d,Qs,8d,9s,3d,6d,Th,Js,5c,Tc
0, 5, 10, 500, 500, 8c,7d,Jd,Kh,Kd,7s,Td,4d,Kc,Qs,Qh,2h,9h,Th,8h,2c,5c,Ah,Tc,As,Jc,4h,6c,8d,5s,Ts,2d,Ad,3s,6d,9d,4s,3c,5h,3h,Ks,7h,4c,6s,9c,Qc,3d,Jh,8s,Qd,2s,5d,Js,6h,7c,Ac,9s
0, 5, 10, 500, 500, 4c,7s,2c,4h,Tc,9d,2h,Ad,Qd,2s,5h,6c,Qs,4d,Qc,3c,3s,8c,9s,2d,Ts,7h,Jc,8h,Jd,7c,6d,4s,3d,Th,7d,Ac,Kh,5c,Ks,Jh,Kc,6s,8s,9h,Qh,Kd,9c,Ah,6h,3h,5d,5s,Td,8d,Js,As
0, 5, 10, 500, 500, 7c,4s,6d,2s,5d,Ah,2d,4c,Jh,5h,Th,4h,3c,Kd,8h,7s,As,Tc,7d,4d,3d,8s,9h,9d,9s,Qd,2c,9c,Kh,Js,5s,Jd,Ac,Qc,3s,Td,Ts,Qs,8d,Ad,2h,8c,6s,Ks,3h,Qh,6c,5c,6h,Jc,Kc,7h
0, 5, 10, 500, 500, Tc,3s,9c,Jh,Td,3h,Qd,5h,Jd,5s,6d,As,Qs,Kd,5d,Ts,7c,Ah,8s,Ad,4s,Ks,8c,9s,7h,3d,7s,Ac,5c,4c,2c,4d,6h,Jc,8h,3c,9h,Kh,2s,Kc,6c,8d,Qh,2d,7d,Js,6s,Th,9d,2h,Qc,4h
0, 5, 10, 500, 500, Qc,5h,9d,6s,5d,7h,7c,Td,9s,Qd,As,5s,Ts,3c,Ad,Kd,3d,Js,7d,4h,Th,2s,4d,Kh,Jh,2h,2d,4c,5c,Ah,Qh,7s,8h,Jc,8s,4s,8d,Ks,Kc,9h,3h,8c,9c,2c,6c,6h,6d,Tc,3s,Qs,Ac,Jd
0, 5, 10, 500, 500, 5s,Ts,6s,Tc,5d,Qd,4c,As,6d,Kc,Ks,Qh,Js,6c,7h,2d,2c,Jc,8h,5h,2s,6h,4s,8d,5c,Kh,2h,3d,7d,7c,3c,9h,7s,Jd,Jh,Td,9s,9d,3h,8s,Kd,Qs,8c,3s,Qc,4d,Ac,Th,9c,Ah,Ad,4h
0, 5, 10, 500, 500, 3c,7d,5s,Qh,Th,Jd,Ad,4d,Td,Qd,8d,7h,4c,Tc,4s,Ts,5c,9d,3d,Jc,7c,Qc,Kh,Ah,6d,8s,7s,9s,2c,Js,Ks,5h,Ac,4h,As,8h,Kd,2h,Qs,3h,9c,6s,3s,6h,9h,6c,2s,8c,Jh,2d,Kc,5d
0, 5, 10, 500, 500, 6c,2h,Th,9d,Qs,8d,4d,3s,Kh,4h,7h,3h,9c,Qh,6h,2d,5h,As,Js,3d,7c,Jc,Tc,2s,Ts,5s,7d,9s,5d,Ac,Ks,6s,Qd,Qc,2c,Ah,9h,Kc,5c,8c,3c,4s,Td,8s,Ad,6d,7s,Jd,Jh,Kd,4c,8h
0, 5, 10, 500, 500, 3d,Th,Js,Td,2c,4h,Qc,2d,6h,8s,Tc,Ac,7h,Jc,7s,5s,Ts,7d,6d,Jd,9d,6c,3h,Ks,5c,Jh,Qd,Kd,Ah,4d,Ad,Qh,Kc,3c,9s,2h,As,6s,7c,3s,5d,8c,Qs,Kh,8h,9h,5h,8d,9c,4c,2s,4s
0, 5, 10, 500, 500, 6s,As,9s,4h,5h,Ad,Td,2c,3s,Ts,5c,Jd,7h,3c,6d,Th,Qs,7c,3d,7s,7d,9c,5s,5d,2s,8h,4d,Tc,Qh,Ks,Kh,6h,8c,3h,9h,8s,Jc,Kd,2d,Js,Kc,Qc,6c,8d,Qd,Ac,Jh,4s,9d,4c,Ah,2h
0, 5, 10, 500, 500, Js,9s,Kd,Qc,Qh,As,8h,5h,Kh,Th,Jc,3c,2c,Jh,7c,2d,8c,5d,Td,6h,Ad,9c,7h,Kc,Qd,9d,5s,6d,8s,Ac,4d,7s,3d,Qs,2h,6s,4s,3h,Jd,Ts,Ah,Tc,2s,5c,4c,7d,9h,6c,4h,8d,3s,Ks
0, 5, 10, 500, 500, 2c,7h,5h,Td,8c,7c,6c,5d,Kh,4s,5c,8s,8d,2d,7s,9s,9d,4c,2s,Th,Kc,3d,Qc,3h,8h,5s,3c,Ac,4d,Qd,Ts,Jc,3s,7d,Kd,Ad,9c,Qs,Ah,9h,As,Ks,6s,Tc,6d,Js,4h,2h,Jd,6h,Jh,Qh
0, 5, 10, 500, 500, Jc,Jh,7s,5d,6s,4d,5h,Ts,3d,Js,Jd,7d,4c,5c,Ah,Qd,Th,Ad,3h,6c,Ac,9h,8s,2d,9d,Kc,3s,9s,6d,Ks,9c,6h,2h,7h,3c,8d,4h,Tc,As,2s,Qs,Qh,2c,4s,Td,8c,Kd,Qc,8h,Kh,7c,5s
0, 5, 10, 500, 500, As,8s,2h,6d,Jc,2s,9h,Kc,5c,7c,Js,Jh,3h,7s,5d,9c,Tc,8d,2d,Ks,4c,Qd,9d,6c,7h,Ah,Th,Qs,4d,Ts,Kh,8c,4h,Qh,3d,5h,Ad,Qc,Jd,Ac,8h,4s,6s,Td,7d,Kd,5s,9s,2c,6h,3s,3c
0, 5, 10, 500, 500, Js,2s,Jd,Td,6s,Jh,8c,4c,7c,Qs,6d,Ac,Ts,2d,7d,Tc,9d,7s,4d,4h,6h,6c,8h,5d,3s,2h,5s,Kh,Qh,Qc,9h,Qd,8s,7h,4s,2c,5c,3d,3h,Ks,As,Ad,9c,Kd,Th,Jc,8d,Kc,3c,9s,5h,Ah
0, 5, 10, 500, 500, 3s,7d,9d,6d,5s,2d,8d,Kh,Qc,Qh,2c,Kd,9c,Td,As,9s,2s,Ac,Jh,2h,6s,3c,8s,Th,6c,3h,Qd,7c,5c,5h,8h,4h,Ts,4c,Js,Ah,5d,Tc,Ad,3d,6h,Kc,7s,Jd,Ks,4d,4s,9h,7h,Qs,8c,Jc
